{
	"credit": "Made with Blockbench",
	"parent": "minecraft:block/cube",
	"textures": {
		"down": "block/dark_oak_planks",
		"particle": "block/cartography_table_side3",
		"north": "block/cartography_table_side3",
		"south": "block/cartography_table_side1",
		"up": "block/cartography_table_top",
		"west": "block/cartography_table_side2"
	},
	"elements": [
		{
			"from": [14, 2, 4],
			"to": [16, 8, 11],
			"faces": {
				"east": {"uv": [5, 8, 12, 14], "texture": "#north"},
				"west": {"uv": [4, 8, 11, 14], "texture": "#south"}
			}
		},
		{
			"from": [0, 8, 4],
			"to": [16, 16, 11],
			"faces": {
				"east": {"uv": [5, 0, 12, 8], "texture": "#north"},
				"west": {"uv": [4, 0, 11, 8], "texture": "#north"},
				"up": {"uv": [0, 4, 16, 11], "texture": "#down"},
				"down": {"uv": [0, 4, 16, 11], "texture": "#down"}
			}
		},
		{
			"from": [0, 2, 11],
			"to": [16, 16, 16],
			"faces": {
				"north": {"uv": [0, 0, 16, 14], "texture": "#north"},
				"east": {"uv": [0, 0, 5, 14], "texture": "#north"},
				"south": {"uv": [0, 0, 16, 14], "texture": "#north"},
				"west": {"uv": [11, 0, 16, 14], "texture": "#north"},
				"up": {"uv": [0, 11, 16, 16], "texture": "#down"}
			}
		},
		{
			"from": [0, 2, 0],
			"to": [16, 16, 4],
			"rotation": {"angle": 0, "axis": "y", "origin": [0, 0, -11]},
			"faces": {
				"north": {"uv": [0, 0, 16, 14], "texture": "#north"},
				"east": {"uv": [12, 0, 16, 14], "texture": "#north"},
				"south": {"uv": [0, 0, 16, 14], "texture": "#north"},
				"west": {"uv": [0, 0, 4, 14], "texture": "#north"},
				"up": {"uv": [0, 0, 16, 4], "texture": "#down"}
			}
		},
		{
			"from": [0, 0, 0],
			"to": [16, 2, 16],
			"faces": {
				"north": {"uv": [0, 14, 16, 16], "texture": "#north"},
				"east": {"uv": [0, 14, 16, 16], "texture": "#north"},
				"south": {"uv": [0, 14, 16, 16], "texture": "#north"},
				"west": {"uv": [0, 14, 16, 16], "texture": "#north"},
				"up": {"uv": [0, 0, 16, 16], "texture": "#down"},
				"down": {"uv": [0, 0, 16, 16], "texture": "#down"}
			}
		},
		{
			"from": [-0.1, 11, 11],
			"to": [0, 16, 16],
			"rotation": {"angle": 0, "axis": "y", "origin": [0, 14, 11]},
			"faces": {
				"south": {"uv": [15, 0, 15.1, 5], "texture": "#west"},
				"west": {"uv": [11, 0, 16, 5], "texture": "#west"},
				"up": {"uv": [11, 0, 16, 0.1], "rotation": 90, "texture": "#west"}
			}
		},
		{
			"from": [0, 16, 11],
			"to": [5, 16.1, 16],
			"rotation": {"angle": 0, "axis": "y", "origin": [0.1, 19, 11]},
			"faces": {
				"south": {"uv": [0, 15, 5, 15.1], "texture": "#up"},
				"west": {"uv": [0, 11, 0.1, 16], "rotation": 270, "texture": "#up"},
				"up": {"uv": [0, 11, 5, 16], "texture": "#up"}
			}
		},
		{
			"from": [0, 11, 16],
			"to": [5, 16, 16.1],
			"rotation": {"angle": 0, "axis": "y", "origin": [0.1, 19, 16]},
			"faces": {
				"south": {"uv": [0, 0, 5, 5], "texture": "#south"},
				"west": {"uv": [0, 0, 0.1, 5], "texture": "#south"},
				"up": {"uv": [0, 0, 5, 0.1], "texture": "#south"}
			}
		},
		{
			"from": [-0.2, 10, 10],
			"to": [0, 16, 11],
			"rotation": {"angle": 0, "axis": "y", "origin": [0, 10, 10]},
			"faces": {
				"north": {"uv": [10, 0, 10.2, 6], "texture": "#west"},
				"south": {"uv": [10, 0, 10.2, 6], "texture": "#west"},
				"west": {"uv": [10, 0, 11, 6], "texture": "#west"},
				"up": {"uv": [10, 0, 11, 0.2], "rotation": 90, "texture": "#west"},
				"down": {"uv": [10, 5, 11, 5.2], "rotation": 90, "texture": "#west"}
			}
		},
		{
			"from": [-0.2, 10, 11],
			"to": [0, 11, 16],
			"rotation": {"angle": 0, "axis": "y", "origin": [0, 10, 11]},
			"faces": {
				"north": {"uv": [11, 5, 11.2, 6], "texture": "#west"},
				"south": {"uv": [15, 5, 15.2, 6], "texture": "#west"},
				"west": {"uv": [11, 5, 16, 6], "texture": "#west"},
				"up": {"uv": [11, 5, 16, 5.2], "rotation": 90, "texture": "#west"},
				"down": {"uv": [11, 5, 16, 5.2], "rotation": 270, "texture": "#west"}
			}
		},
		{
			"from": [0, 16, 10],
			"to": [6, 16.2, 11],
			"rotation": {"angle": 0, "axis": "y", "origin": [0, 16, 10]},
			"faces": {
				"north": {"uv": [0, 10, 6, 10.2], "texture": "#up"},
				"east": {"uv": [5, 10, 5.2, 11], "rotation": 90, "texture": "#up"},
				"south": {"uv": [0, 10, 6, 10.2], "texture": "#up"},
				"west": {"uv": [0, 10, 0.2, 11], "rotation": 90, "texture": "#up"},
				"up": {"uv": [0, 10, 6, 11], "texture": "#up"}
			}
		},
		{
			"from": [5, 16, 11],
			"to": [6, 16.2, 16],
			"rotation": {"angle": 0, "axis": "y", "origin": [0, 16, 11]},
			"faces": {
				"north": {"uv": [5, 11, 6, 11.2], "texture": "#up"},
				"east": {"uv": [5, 11, 5.2, 16], "rotation": 90, "texture": "#up"},
				"south": {"uv": [5, 11, 6, 16], "texture": "#up"},
				"west": {"uv": [5, 11, 5.2, 16], "rotation": 270, "texture": "#up"},
				"up": {"uv": [5, 11, 6, 16], "texture": "#up"}
			}
		},
		{
			"from": [5, 10, 16],
			"to": [6, 16, 16.2],
			"rotation": {"angle": 0, "axis": "y", "origin": [0, 15.8, 16]},
			"faces": {
				"east": {"uv": [5, 0, 5.2, 6], "texture": "#south"},
				"south": {"uv": [5, 0, 6, 6], "texture": "#south"},
				"west": {"uv": [5, 0, 5.2, 6], "texture": "#south"},
				"up": {"uv": [5, 0, 6, 0.2], "texture": "#south"},
				"down": {"uv": [5, 5, 6, 5.2], "texture": "#south"}
			}
		},
		{
			"from": [0, 10, 16],
			"to": [5, 11, 16.2],
			"rotation": {"angle": 0, "axis": "y", "origin": [-1, 15.8, 16]},
			"faces": {
				"east": {"uv": [4, 5, 4.2, 6], "texture": "#south"},
				"south": {"uv": [0, 5, 5, 6], "texture": "#south"},
				"west": {"uv": [0, 5, 0.2, 6], "texture": "#south"},
				"up": {"uv": [0, 5, 5, 5.2], "texture": "#south"},
				"down": {"uv": [0, 5, 5, 5.2], "texture": "#south"}
			}
		},
		{
			"from": [2, 16, 2],
			"to": [6, 17, 3],
			"rotation": {"angle": 0, "axis": "y", "origin": [2, 16, 2]},
			"faces": {
				"north": {"uv": [2, 2, 3, 6], "rotation": 90, "texture": "#up"},
				"east": {"uv": [5, 2, 6, 3], "texture": "#up"},
				"south": {"uv": [2, 2, 6, 3], "texture": "#up"},
				"west": {"uv": [2, 2, 3, 3], "texture": "#up"},
				"up": {"uv": [2, 2, 6, 3], "texture": "#up"}
			}
		},
		{
			"from": [2, 16, 5],
			"to": [6, 17, 6],
			"rotation": {"angle": 0, "axis": "y", "origin": [2, 16, 5]},
			"faces": {
				"north": {"uv": [2, 5, 6, 6], "rotation": 180, "texture": "#up"},
				"east": {"uv": [5, 5, 6, 6], "texture": "#up"},
				"south": {"uv": [2, 5, 6, 6], "texture": "#up"},
				"west": {"uv": [2, 5, 3, 6], "texture": "#up"},
				"up": {"uv": [2, 5, 6, 6], "texture": "#up"}
			}
		},
		{
			"from": [2, 16, 3],
			"to": [3, 17, 5],
			"rotation": {"angle": 0, "axis": "y", "origin": [2, 16, 4]},
			"faces": {
				"north": {"uv": [2, 3, 3, 4], "texture": "#up"},
				"east": {"uv": [2, 3, 3, 5], "rotation": 90, "texture": "#up"},
				"south": {"uv": [2, 4, 3, 5], "texture": "#up"},
				"west": {"uv": [2, 3, 3, 5], "rotation": 270, "texture": "#up"},
				"up": {"uv": [2, 3, 3, 5], "texture": "#up"}
			}
		},
		{
			"from": [5, 16, 3],
			"to": [6, 17, 5],
			"rotation": {"angle": 0, "axis": "y", "origin": [5, 16, 4]},
			"faces": {
				"north": {"uv": [5, 3, 6, 4], "texture": "#up"},
				"east": {"uv": [5, 3, 6, 5], "rotation": 90, "texture": "#up"},
				"south": {"uv": [5, 4, 6, 5], "texture": "#up"},
				"west": {"uv": [5, 3, 6, 5], "rotation": 270, "texture": "#up"},
				"up": {"uv": [5, 3, 6, 5], "texture": "#up"}
			}
		},
		{
			"from": [3, 15.6, 3],
			"to": [5, 16.6, 5],
			"rotation": {"angle": 0, "axis": "y", "origin": [4, 15.6, 4]},
			"faces": {
				"north": {"uv": [3, 3, 5, 4], "texture": "#up"},
				"east": {"uv": [4, 3, 5, 5], "rotation": 90, "texture": "#up"},
				"south": {"uv": [3, 4, 5, 5], "texture": "#up"},
				"west": {"uv": [3, 3, 4, 5], "rotation": 270, "texture": "#up"},
				"up": {"uv": [3, 3, 5, 5], "texture": "#up"}
			}
		},
		{
			"from": [8.22878, 16, 5],
			"to": [9.22878, 16.1, 12],
			"rotation": {"angle": 22.5, "axis": "z", "origin": [8.22878, 16, 5]},
			"faces": {
				"north": {"uv": [8, 4, 9, 4.1], "texture": "#up"},
				"east": {"uv": [8, 4, 8.1, 11], "rotation": 90, "texture": "#up"},
				"south": {"uv": [8, 10.9, 9, 11], "texture": "#up"},
				"west": {"uv": [8.9, 11, 9, 4], "rotation": 90, "texture": "#up"},
				"up": {"uv": [8, 4, 9, 11], "texture": "#up"},
				"down": {"uv": [8, 11, 9, 4], "texture": "#up"}
			}
		},
		{
			"from": [9.11439, 16.37507, 3],
			"to": [10.11439, 16.47507, 12],
			"rotation": {"angle": 0, "axis": "y", "origin": [8.11439, 16.37507, 4]},
			"faces": {
				"north": {"uv": [9, 3, 10, 3.1], "texture": "#up"},
				"east": {"uv": [9, 3, 9.1, 12], "rotation": 90, "texture": "#up"},
				"south": {"uv": [9, 11.9, 10, 12], "texture": "#up"},
				"west": {"uv": [9.9, 12, 10, 3], "rotation": 90, "texture": "#up"},
				"up": {"uv": [9, 3, 10, 12], "texture": "#up"},
				"down": {"uv": [9, 12, 10, 3], "texture": "#up"}
			}
		},
		{
			"from": [9.92388, 17.14805, 3],
			"to": [10.92388, 17.24805, 12],
			"rotation": {"angle": -22.5, "axis": "z", "origin": [8.07612, 16.38268, 4]},
			"faces": {
				"north": {"uv": [10, 3, 11, 3.1], "texture": "#up"},
				"east": {"uv": [10, 3, 10.1, 12], "rotation": 90, "texture": "#up"},
				"south": {"uv": [10, 11.9, 11, 12], "texture": "#up"},
				"west": {"uv": [10.9, 12, 11, 3], "rotation": 90, "texture": "#up"},
				"up": {"uv": [10, 3, 11, 12], "texture": "#up"},
				"down": {"uv": [10, 12, 11, 3], "texture": "#up"}
			}
		},
		{
			"from": [11, 16, 2],
			"to": [12, 16.1, 12],
			"rotation": {"angle": 0, "axis": "y", "origin": [11, 16, 4]},
			"faces": {
				"north": {"uv": [11, 2, 12, 2.1], "texture": "#up"},
				"east": {"uv": [11, 2, 11.1, 12], "rotation": 90, "texture": "#up"},
				"south": {"uv": [11, 11.9, 12, 12], "texture": "#up"},
				"west": {"uv": [11.9, 12, 12, 2], "rotation": 90, "texture": "#up"},
				"up": {"uv": [11, 2, 12, 12], "texture": "#up"},
				"down": {"uv": [11, 12, 12, 2], "texture": "#up"}
			}
		},
		{
			"from": [11.69552, 14.46927, 2],
			"to": [12.69552, 14.56927, 11],
			"rotation": {"angle": 22.5, "axis": "z", "origin": [8, 16, 4]},
			"faces": {
				"north": {"uv": [12, 2, 13, 2.1], "texture": "#up"},
				"east": {"uv": [12, 2, 12.1, 11], "rotation": 90, "texture": "#up"},
				"south": {"uv": [12, 10.9, 13, 11], "texture": "#up"},
				"west": {"uv": [12.9, 11, 13, 2], "rotation": 90, "texture": "#up"},
				"up": {"uv": [12, 2, 13, 11], "texture": "#up"},
				"down": {"uv": [12, 11, 13, 2], "texture": "#up"}
			}
		},
		{
			"from": [12.88561, 16.37507, 2],
			"to": [13.88561, 16.47507, 11],
			"rotation": {"angle": 0, "axis": "y", "origin": [7.88561, 16.37507, 4]},
			"faces": {
				"north": {"uv": [13, 2, 14, 2.1], "texture": "#up"},
				"east": {"uv": [13, 2, 13.1, 11], "rotation": 90, "texture": "#up"},
				"south": {"uv": [13, 10.9, 14, 11], "texture": "#up"},
				"west": {"uv": [13.9, 11, 14, 2], "rotation": 90, "texture": "#up"},
				"up": {"uv": [13, 2, 14, 11], "texture": "#up"},
				"down": {"uv": [13, 11, 14, 2], "texture": "#up"}
			}
		},
		{
			"from": [13.39062, 18.67878, 3],
			"to": [14.39062, 18.77878, 11],
			"rotation": {"angle": -22.5, "axis": "z", "origin": [7.84734, 16.38268, 5]},
			"faces": {
				"north": {"uv": [14, 2, 15, 2.1], "texture": "#up"},
				"east": {"uv": [14, 2, 14.1, 10], "rotation": 90, "texture": "#up"},
				"south": {"uv": [14, 9.9, 15, 10], "texture": "#up"},
				"west": {"uv": [14.9, 10, 15, 2], "rotation": 90, "texture": "#up"},
				"up": {"uv": [14, 2, 15, 10], "texture": "#up"},
				"down": {"uv": [14, 10, 15, 2], "texture": "#up"}
			}
		},
		{
			"from": [1.7, 2, 4],
			"to": [11.7, 5, 7],
			"rotation": {"angle": 0, "axis": "y", "origin": [1.7, 2, 4]},
			"faces": {
				"north": {"uv": [4, 11, 5, 14], "texture": "#west"},
				"east": {"uv": [4, 11, 7, 14], "rotation": 270, "texture": "#west"},
				"south": {"uv": [6, 11, 7, 14], "texture": "#west"},
				"west": {"uv": [4, 11, 7, 14], "texture": "#west"},
				"up": {"uv": [4, 11, 7, 12], "rotation": 90, "texture": "#west"},
				"down": {"uv": [4, 13, 7, 14], "rotation": 270, "texture": "#west"}
			}
		},
		{
			"from": [1.4, 3, 5],
			"to": [12, 4, 6],
			"rotation": {"angle": 0, "axis": "y", "origin": [1.7, 2, 4]},
			"faces": {
				"north": {"uv": [5, 12, 6, 13], "texture": "#west"},
				"east": {"uv": [5, 12, 6, 13], "rotation": 270, "texture": "#west"},
				"south": {"uv": [5, 12, 6, 13], "texture": "#west"},
				"west": {"uv": [5, 12, 6, 13], "texture": "#west"},
				"up": {"uv": [5, 12, 6, 13], "rotation": 90, "texture": "#west"},
				"down": {"uv": [5, 12, 6, 13], "rotation": 270, "texture": "#west"}
			}
		},
		{
			"from": [1.2, 2, 8],
			"to": [11.2, 5, 11],
			"rotation": {"angle": 0, "axis": "y", "origin": [1.2, 2, 8]},
			"faces": {
				"north": {"uv": [8, 11, 9, 14], "texture": "#west"},
				"east": {"uv": [8, 11, 11, 14], "rotation": 270, "texture": "#west"},
				"south": {"uv": [10, 11, 11, 14], "texture": "#west"},
				"west": {"uv": [8, 11, 11, 14], "texture": "#west"},
				"up": {"uv": [8, 11, 11, 12], "rotation": 90, "texture": "#west"},
				"down": {"uv": [8, 13, 11, 14], "rotation": 270, "texture": "#west"}
			}
		},
		{
			"from": [0.9, 3, 9],
			"to": [11.5, 4, 10],
			"rotation": {"angle": 0, "axis": "y", "origin": [1.2, 2, 8]},
			"faces": {
				"north": {"uv": [9, 12, 10, 13], "texture": "#west"},
				"east": {"uv": [9, 12, 10, 13], "rotation": 270, "texture": "#west"},
				"south": {"uv": [9, 12, 10, 13], "texture": "#west"},
				"west": {"uv": [9, 12, 10, 13], "texture": "#west"},
				"up": {"uv": [9, 12, 10, 13], "rotation": 90, "texture": "#west"},
				"down": {"uv": [9, 12, 10, 13], "rotation": 270, "texture": "#west"}
			}
		},
		{
			"from": [0.2, 5, 6],
			"to": [10.2, 8, 9],
			"rotation": {"angle": 22.5, "axis": "y", "origin": [5.2, 6.5, 7.5]},
			"faces": {
				"north": {"uv": [8, 8, 9, 11], "texture": "#west"},
				"east": {"uv": [8, 8, 11, 11], "rotation": 270, "texture": "#west"},
				"south": {"uv": [10, 8, 11, 11], "texture": "#west"},
				"west": {"uv": [8, 8, 11, 11], "texture": "#west"},
				"up": {"uv": [8, 8, 11, 9], "rotation": 90, "texture": "#west"},
				"down": {"uv": [8, 10, 11, 11], "rotation": 270, "texture": "#west"}
			}
		},
		{
			"from": [-0.1, 6, 7],
			"to": [10.5, 7, 8],
			"rotation": {"angle": 22.5, "axis": "y", "origin": [5.2, 6.5, 7.5]},
			"faces": {
				"north": {"uv": [9, 9, 10, 10], "texture": "#west"},
				"east": {"uv": [9, 9, 10, 10], "texture": "#west"},
				"south": {"uv": [9, 9, 10, 10], "texture": "#west"},
				"west": {"uv": [9, 9, 10, 10], "texture": "#west"},
				"up": {"uv": [9, 9, 10, 10], "texture": "#west"},
				"down": {"uv": [9, 9, 10, 10], "texture": "#west"}
			}
		}
	],
	"display": {
		"thirdperson_righthand": {
			"rotation": [75, 45, 0],
			"translation": [0, 2.5, 0],
			"scale": [0.375, 0.375, 0.375]
		},
		"thirdperson_lefthand": {
			"rotation": [75, 45, 0],
			"translation": [0, 2.5, 0],
			"scale": [0.375, 0.375, 0.375]
		},
		"firstperson_righthand": {
			"rotation": [0, 45, 0],
			"scale": [0.4, 0.4, 0.4]
		},
		"firstperson_lefthand": {
			"rotation": [0, 225, 0],
			"scale": [0.4, 0.4, 0.4]
		},
		"ground": {
			"translation": [0, 3, 0],
			"scale": [0.25, 0.25, 0.25]
		},
		"gui": {
			"rotation": [30, 45, 0],
			"scale": [0.625, 0.625, 0.625]
		},
		"head": {
			"rotation": [0, -90, 0]
		},
		"fixed": {
			"rotation": [0, -90, 0],
			"scale": [0.5, 0.5, 0.5]
		}
	},
	"groups": [
		0,
		1,
		2,
		3,
		4,
		{
			"name": "group",
			"origin": [0, 0, 0],
			"color": 0,
			"children": [5, 6, 7]
		},
		{
			"name": "group",
			"origin": [8, 8, 8],
			"color": 0,
			"children": [8, 9, 10, 11, 12, 13]
		},
		{
			"name": "group",
			"origin": [8, 8, 8],
			"color": 0,
			"children": [14, 15, 16, 17, 18]
		},
		{
			"name": "group",
			"origin": [8, 8, 8],
			"color": 0,
			"children": [19, 20, 21, 22, 23, 24, 25]
		},
		{
			"name": "group",
			"origin": [8, 8, 8],
			"color": 0,
			"children": [26, 27, 28, 29, 30, 31]
		}
	]
}