{
	"credit": "Made with Blockbench",
	"textures": {
		"0": "item/totem_of_undying",
		"particle": "item/totem_of_undying"
	},
	"elements": [
		{
			"from": [7, 3, 6.5],
			"to": [9, 4, 7.5],
			"rotation": {"angle": 0, "axis": "y", "origin": [8, 8, 8]},
			"faces": {
				"north": {"uv": [9, 12, 7, 13], "texture": "#0"},
				"east": {"uv": [8, 12, 9, 13], "texture": "#0"},
				"south": {"uv": [7, 12, 9, 13], "texture": "#0"},
				"west": {"uv": [7, 12, 8, 13], "texture": "#0"},
				"up": {"uv": [7, 12, 9, 13], "texture": "#0"},
				"down": {"uv": [7, 12, 9, 13], "texture": "#0"}
			}
		},
		{
			"from": [6, 4, 6.5],
			"to": [10, 5, 7.5],
			"rotation": {"angle": 0, "axis": "y", "origin": [8, 8, 8]},
			"faces": {
				"north": {"uv": [10, 11, 6, 12], "texture": "#0"},
				"east": {"uv": [9, 11, 10, 12], "texture": "#0"},
				"south": {"uv": [6, 11, 10, 12], "texture": "#0"},
				"west": {"uv": [6, 11, 7, 12], "texture": "#0"},
				"up": {"uv": [6, 11, 10, 12], "texture": "#0"},
				"down": {"uv": [6, 11, 10, 12], "texture": "#0"}
			}
		},
		{
			"from": [5, 5, 6.5],
			"to": [11, 6, 7.5],
			"rotation": {"angle": 0, "axis": "y", "origin": [8, 8, 8]},
			"faces": {
				"north": {"uv": [11, 10, 5, 11], "texture": "#0"},
				"east": {"uv": [10, 10, 11, 11], "texture": "#0"},
				"south": {"uv": [5, 10, 11, 11], "texture": "#0"},
				"west": {"uv": [5, 10, 6, 11], "texture": "#0"},
				"up": {"uv": [5, 10, 11, 11], "texture": "#0"},
				"down": {"uv": [5, 10, 11, 11], "texture": "#0"}
			}
		},
		{
			"from": [4, 6, 6.5],
			"to": [6, 7, 7.5],
			"rotation": {"angle": 0, "axis": "y", "origin": [8, 8, 8]},
			"faces": {
				"north": {"uv": [6, 9, 4, 10], "texture": "#0"},
				"east": {"uv": [5, 9, 6, 10], "texture": "#0"},
				"south": {"uv": [4, 9, 6, 10], "texture": "#0"},
				"west": {"uv": [4, 9, 5, 10], "texture": "#0"},
				"up": {"uv": [4, 9, 6, 10], "texture": "#0"},
				"down": {"uv": [4, 9, 6, 10], "texture": "#0"}
			}
		},
		{
			"from": [10, 6, 6.5],
			"to": [12, 7, 7.5],
			"rotation": {"angle": 0, "axis": "y", "origin": [8, 8, 8]},
			"faces": {
				"north": {"uv": [12, 9, 10, 10], "texture": "#0"},
				"east": {"uv": [11, 9, 12, 10], "texture": "#0"},
				"south": {"uv": [10, 9, 12, 10], "texture": "#0"},
				"west": {"uv": [10, 9, 11, 10], "texture": "#0"},
				"up": {"uv": [10, 9, 12, 10], "texture": "#0"},
				"down": {"uv": [10, 9, 12, 10], "texture": "#0"}
			}
		},
		{
			"from": [3, 7, 6.5],
			"to": [5, 8, 7.5],
			"rotation": {"angle": 0, "axis": "y", "origin": [8, 8, 8]},
			"faces": {
				"north": {"uv": [5, 8, 3, 9], "texture": "#0"},
				"east": {"uv": [4, 8, 5, 9], "texture": "#0"},
				"south": {"uv": [3, 8, 5, 9], "texture": "#0"},
				"west": {"uv": [3, 8, 4, 9], "texture": "#0"},
				"up": {"uv": [3, 8, 5, 9], "texture": "#0"},
				"down": {"uv": [3, 8, 5, 9], "texture": "#0"}
			}
		},
		{
			"from": [11, 7, 6.5],
			"to": [13, 8, 7.5],
			"rotation": {"angle": 0, "axis": "y", "origin": [8, 8, 8]},
			"faces": {
				"north": {"uv": [13, 8, 11, 9], "texture": "#0"},
				"east": {"uv": [12, 8, 13, 9], "texture": "#0"},
				"south": {"uv": [11, 8, 13, 9], "texture": "#0"},
				"west": {"uv": [11, 8, 12, 9], "texture": "#0"},
				"up": {"uv": [11, 8, 13, 9], "texture": "#0"},
				"down": {"uv": [11, 8, 13, 9], "texture": "#0"}
			}
		},
		{
			"from": [12, 8, 6.5],
			"to": [14, 9, 7.5],
			"rotation": {"angle": 0, "axis": "y", "origin": [8, 8, 8]},
			"faces": {
				"north": {"uv": [14, 7, 12, 8], "texture": "#0"},
				"east": {"uv": [13, 7, 14, 8], "texture": "#0"},
				"south": {"uv": [12, 7, 14, 8], "texture": "#0"},
				"west": {"uv": [12, 7, 13, 8], "texture": "#0"},
				"up": {"uv": [12, 7, 14, 8], "texture": "#0"},
				"down": {"uv": [12, 7, 14, 8], "texture": "#0"}
			}
		},
		{
			"from": [2, 8, 6.5],
			"to": [4, 9, 7.5],
			"rotation": {"angle": 0, "axis": "y", "origin": [8, 8, 8]},
			"faces": {
				"north": {"uv": [4, 7, 2, 8], "texture": "#0"},
				"east": {"uv": [3, 7, 4, 8], "texture": "#0"},
				"south": {"uv": [2, 7, 4, 8], "texture": "#0"},
				"west": {"uv": [2, 7, 3, 8], "texture": "#0"},
				"up": {"uv": [2, 7, 4, 8], "texture": "#0"},
				"down": {"uv": [2, 7, 4, 8], "texture": "#0"}
			}
		},
		{
			"from": [2, 9, 6.5],
			"to": [3, 12, 7.5],
			"rotation": {"angle": 0, "axis": "y", "origin": [8, 8, 8]},
			"faces": {
				"north": {"uv": [3, 4, 2, 7], "texture": "#0"},
				"east": {"uv": [2, 4, 3, 7], "texture": "#0"},
				"south": {"uv": [2, 4, 3, 7], "texture": "#0"},
				"west": {"uv": [2, 4, 3, 7], "texture": "#0"},
				"up": {"uv": [2, 4, 3, 5], "texture": "#0"},
				"down": {"uv": [2, 6, 3, 7], "texture": "#0"}
			}
		},
		{
			"from": [13, 9, 6.5],
			"to": [14, 12, 7.5],
			"rotation": {"angle": 0, "axis": "y", "origin": [8, 8, 8]},
			"faces": {
				"north": {"uv": [14, 4, 13, 7], "texture": "#0"},
				"east": {"uv": [13, 4, 14, 7], "texture": "#0"},
				"south": {"uv": [13, 4, 14, 7], "texture": "#0"},
				"west": {"uv": [13, 4, 14, 7], "texture": "#0"},
				"up": {"uv": [13, 4, 14, 5], "texture": "#0"},
				"down": {"uv": [13, 6, 14, 7], "texture": "#0"}
			}
		},
		{
			"from": [7, 6, 6.5],
			"to": [9, 12, 7.5],
			"rotation": {"angle": 0, "axis": "y", "origin": [8, 8, 8]},
			"faces": {
				"north": {"uv": [9, 4, 7, 10], "texture": "#0"},
				"east": {"uv": [8, 4, 9, 10], "texture": "#0"},
				"south": {"uv": [7, 4, 9, 10], "texture": "#0"},
				"west": {"uv": [7, 4, 8, 10], "texture": "#0"},
				"up": {"uv": [7, 4, 9, 5], "texture": "#0"},
				"down": {"uv": [7, 9, 9, 10], "texture": "#0"}
			}
		},
		{
			"from": [2, 12, 6.5],
			"to": [4, 13, 7.5],
			"rotation": {"angle": 0, "axis": "y", "origin": [8, 8, 8]},
			"faces": {
				"north": {"uv": [4, 3, 2, 4], "texture": "#0"},
				"east": {"uv": [3, 3, 4, 4], "texture": "#0"},
				"south": {"uv": [2, 3, 4, 4], "texture": "#0"},
				"west": {"uv": [2, 3, 3, 4], "texture": "#0"},
				"up": {"uv": [2, 3, 4, 4], "texture": "#0"},
				"down": {"uv": [2, 3, 4, 4], "texture": "#0"}
			}
		},
		{
			"from": [6, 12, 6.5],
			"to": [10, 13, 7.5],
			"rotation": {"angle": 0, "axis": "y", "origin": [8, 8, 8]},
			"faces": {
				"north": {"uv": [10, 3, 6, 4], "texture": "#0"},
				"east": {"uv": [9, 3, 10, 4], "texture": "#0"},
				"south": {"uv": [6, 3, 10, 4], "texture": "#0"},
				"west": {"uv": [6, 3, 7, 4], "texture": "#0"},
				"up": {"uv": [6, 3, 10, 4], "texture": "#0"},
				"down": {"uv": [6, 3, 10, 4], "texture": "#0"}
			}
		},
		{
			"from": [12, 12, 6.5],
			"to": [14, 13, 7.5],
			"rotation": {"angle": 0, "axis": "y", "origin": [8, 8, 8]},
			"faces": {
				"north": {"uv": [14, 3, 12, 4], "texture": "#0"},
				"east": {"uv": [13, 3, 14, 4], "texture": "#0"},
				"south": {"uv": [12, 3, 14, 4], "texture": "#0"},
				"west": {"uv": [12, 3, 13, 4], "texture": "#0"},
				"up": {"uv": [12, 3, 14, 4], "texture": "#0"},
				"down": {"uv": [12, 3, 14, 4], "texture": "#0"}
			}
		},
		{
			"from": [9, 13, 6.5],
			"to": [13, 14, 7.5],
			"rotation": {"angle": 0, "axis": "y", "origin": [8, 8, 8]},
			"faces": {
				"north": {"uv": [13, 2, 9, 3], "texture": "#0"},
				"east": {"uv": [12, 2, 13, 3], "texture": "#0"},
				"south": {"uv": [9, 2, 13, 3], "texture": "#0"},
				"west": {"uv": [9, 2, 10, 3], "texture": "#0"},
				"up": {"uv": [9, 2, 13, 3], "texture": "#0"},
				"down": {"uv": [9, 2, 13, 3], "texture": "#0"}
			}
		},
		{
			"from": [3, 13, 6.5],
			"to": [7, 14, 7.5],
			"rotation": {"angle": 0, "axis": "y", "origin": [8, 8, 8]},
			"faces": {
				"north": {"uv": [7, 2, 3, 3], "texture": "#0"},
				"east": {"uv": [6, 2, 7, 3], "texture": "#0"},
				"south": {"uv": [3, 2, 7, 3], "texture": "#0"},
				"west": {"uv": [3, 2, 4, 3], "texture": "#0"},
				"up": {"uv": [3, 2, 7, 3], "texture": "#0"},
				"down": {"uv": [3, 2, 7, 3], "texture": "#0"}
			}
		},
		{
			"from": [7, 1, 7.5],
			"to": [9, 2, 8.5],
			"rotation": {"angle": 0, "axis": "y", "origin": [8, 8, 8]},
			"faces": {
				"north": {"uv": [9, 14, 7, 15], "texture": "#0"},
				"east": {"uv": [8, 14, 9, 15], "texture": "#0"},
				"south": {"uv": [7, 14, 9, 15], "texture": "#0"},
				"west": {"uv": [7, 14, 8, 15], "texture": "#0"},
				"up": {"uv": [7, 14, 9, 15], "texture": "#0"},
				"down": {"uv": [7, 14, 9, 15], "texture": "#0"}
			}
		},
		{
			"from": [6, 2, 7.5],
			"to": [10, 3, 8.5],
			"rotation": {"angle": 0, "axis": "y", "origin": [8, 8, 8]},
			"faces": {
				"north": {"uv": [10, 13, 6, 14], "texture": "#0"},
				"east": {"uv": [9, 13, 10, 14], "texture": "#0"},
				"south": {"uv": [6, 13, 10, 14], "texture": "#0"},
				"west": {"uv": [6, 13, 7, 14], "texture": "#0"},
				"up": {"uv": [6, 13, 10, 14], "texture": "#0"},
				"down": {"uv": [6, 13, 10, 14], "texture": "#0"}
			}
		},
		{
			"from": [5, 3, 7.5],
			"to": [11, 4, 8.5],
			"rotation": {"angle": 0, "axis": "y", "origin": [8, 8, 8]},
			"faces": {
				"north": {"uv": [11, 12, 5, 13], "texture": "#0"},
				"east": {"uv": [10, 12, 11, 13], "texture": "#0"},
				"south": {"uv": [5, 12, 11, 13], "texture": "#0"},
				"west": {"uv": [5, 12, 6, 13], "texture": "#0"},
				"up": {"uv": [5, 12, 11, 13], "texture": "#0"},
				"down": {"uv": [5, 12, 11, 13], "texture": "#0"}
			}
		},
		{
			"from": [4, 4, 7.5],
			"to": [12, 5, 8.5],
			"rotation": {"angle": 0, "axis": "y", "origin": [8, 8, 8]},
			"faces": {
				"north": {"uv": [12, 11, 4, 12], "texture": "#0"},
				"east": {"uv": [11, 11, 12, 12], "texture": "#0"},
				"south": {"uv": [4, 11, 12, 12], "texture": "#0"},
				"west": {"uv": [4, 11, 5, 12], "texture": "#0"},
				"up": {"uv": [4, 11, 12, 12], "texture": "#0"},
				"down": {"uv": [12, 11, 4, 12], "texture": "#0"}
			}
		},
		{
			"from": [3, 5, 7.5],
			"to": [13, 6, 8.5],
			"rotation": {"angle": 0, "axis": "y", "origin": [8, 8, 8]},
			"faces": {
				"north": {"uv": [13, 10, 3, 11], "texture": "#0"},
				"east": {"uv": [12, 10, 13, 11], "texture": "#0"},
				"south": {"uv": [3, 10, 13, 11], "texture": "#0"},
				"west": {"uv": [3, 10, 4, 11], "texture": "#0"},
				"up": {"uv": [3, 10, 13, 11], "texture": "#0"},
				"down": {"uv": [13, 10, 3, 11], "texture": "#0"}
			}
		},
		{
			"from": [2, 6, 7.5],
			"to": [14, 7, 8.5],
			"rotation": {"angle": 0, "axis": "y", "origin": [8, 8, 8]},
			"faces": {
				"north": {"uv": [14, 9, 2, 10], "texture": "#0"},
				"east": {"uv": [13, 9, 14, 10], "texture": "#0"},
				"south": {"uv": [2, 9, 14, 10], "texture": "#0"},
				"west": {"uv": [2, 9, 3, 10], "texture": "#0"},
				"up": {"uv": [2, 9, 14, 10], "texture": "#0"},
				"down": {"uv": [14, 9, 2, 10], "texture": "#0"}
			}
		},
		{
			"from": [1, 7, 7.5],
			"to": [15, 13, 8.5],
			"rotation": {"angle": 0, "axis": "y", "origin": [8, 8, 8]},
			"faces": {
				"north": {"uv": [15, 3, 1, 9], "texture": "#0"},
				"east": {"uv": [14, 3, 15, 9], "texture": "#0"},
				"south": {"uv": [1, 3, 15, 9], "texture": "#0"},
				"west": {"uv": [1, 3, 2, 9], "texture": "#0"},
				"up": {"uv": [1, 3, 15, 4], "texture": "#0"},
				"down": {"uv": [15, 8, 1, 9], "texture": "#0"}
			}
		},
		{
			"from": [2, 13, 7.5],
			"to": [14, 14, 8.5],
			"rotation": {"angle": 0, "axis": "y", "origin": [8, 8, 8]},
			"faces": {
				"north": {"uv": [14, 2, 2, 3], "texture": "#0"},
				"east": {"uv": [13, 2, 14, 3], "texture": "#0"},
				"south": {"uv": [2, 2, 14, 3], "texture": "#0"},
				"west": {"uv": [2, 2, 3, 3], "texture": "#0"},
				"up": {"uv": [2, 2, 14, 3], "texture": "#0"},
				"down": {"uv": [14, 2, 2, 3], "texture": "#0"}
			}
		},
		{
			"from": [3, 14, 7.5],
			"to": [7, 15, 8.5],
			"rotation": {"angle": 0, "axis": "y", "origin": [8, 8, 8]},
			"faces": {
				"north": {"uv": [7, 1, 3, 2], "texture": "#0"},
				"east": {"uv": [6, 1, 7, 2], "texture": "#0"},
				"south": {"uv": [3, 1, 7, 2], "texture": "#0"},
				"west": {"uv": [3, 1, 4, 2], "texture": "#0"},
				"up": {"uv": [3, 1, 7, 2], "texture": "#0"},
				"down": {"uv": [3, 1, 7, 2], "texture": "#0"}
			}
		},
		{
			"from": [9, 14, 7.5],
			"to": [13, 15, 8.5],
			"rotation": {"angle": 0, "axis": "y", "origin": [8, 8, 8]},
			"faces": {
				"north": {"uv": [13, 1, 9, 2], "texture": "#0"},
				"east": {"uv": [12, 1, 13, 2], "texture": "#0"},
				"south": {"uv": [9, 1, 13, 2], "texture": "#0"},
				"west": {"uv": [9, 1, 10, 2], "texture": "#0"},
				"up": {"uv": [9, 1, 13, 2], "texture": "#0"},
				"down": {"uv": [9, 1, 13, 2], "texture": "#0"}
			}
		},
		{
			"from": [7, 3, 8.5],
			"to": [9, 4, 9.5],
			"rotation": {"angle": 0, "axis": "y", "origin": [8, 8, 8]},
			"faces": {
				"north": {"uv": [9, 12, 7, 13], "texture": "#0"},
				"east": {"uv": [8, 12, 9, 13], "texture": "#0"},
				"south": {"uv": [7, 12, 9, 13], "texture": "#0"},
				"west": {"uv": [7, 12, 8, 13], "texture": "#0"},
				"up": {"uv": [7, 12, 9, 13], "texture": "#0"},
				"down": {"uv": [7, 12, 9, 13], "texture": "#0"}
			}
		},
		{
			"from": [6, 4, 8.5],
			"to": [10, 5, 9.5],
			"rotation": {"angle": 0, "axis": "y", "origin": [8, 8, 8]},
			"faces": {
				"north": {"uv": [10, 11, 6, 12], "texture": "#0"},
				"east": {"uv": [9, 11, 10, 12], "texture": "#0"},
				"south": {"uv": [6, 11, 10, 12], "texture": "#0"},
				"west": {"uv": [6, 11, 7, 12], "texture": "#0"},
				"up": {"uv": [6, 11, 10, 12], "texture": "#0"},
				"down": {"uv": [6, 11, 10, 12], "texture": "#0"}
			}
		},
		{
			"from": [5, 5, 8.5],
			"to": [11, 6, 9.5],
			"rotation": {"angle": 0, "axis": "y", "origin": [8, 8, 8]},
			"faces": {
				"north": {"uv": [11, 10, 5, 11], "texture": "#0"},
				"east": {"uv": [10, 10, 11, 11], "texture": "#0"},
				"south": {"uv": [5, 10, 11, 11], "texture": "#0"},
				"west": {"uv": [5, 10, 6, 11], "texture": "#0"},
				"up": {"uv": [5, 10, 11, 11], "texture": "#0"},
				"down": {"uv": [5, 10, 11, 11], "texture": "#0"}
			}
		},
		{
			"from": [4, 6, 8.5],
			"to": [6, 7, 9.5],
			"rotation": {"angle": 0, "axis": "y", "origin": [8, 8, 8]},
			"faces": {
				"north": {"uv": [6, 9, 4, 10], "texture": "#0"},
				"east": {"uv": [5, 9, 6, 10], "texture": "#0"},
				"south": {"uv": [4, 9, 6, 10], "texture": "#0"},
				"west": {"uv": [4, 9, 5, 10], "texture": "#0"},
				"up": {"uv": [4, 9, 6, 10], "texture": "#0"},
				"down": {"uv": [4, 9, 6, 10], "texture": "#0"}
			}
		},
		{
			"from": [10, 6, 8.5],
			"to": [12, 7, 9.5],
			"rotation": {"angle": 0, "axis": "y", "origin": [8, 8, 8]},
			"faces": {
				"north": {"uv": [12, 9, 10, 10], "texture": "#0"},
				"east": {"uv": [11, 9, 12, 10], "texture": "#0"},
				"south": {"uv": [10, 9, 12, 10], "texture": "#0"},
				"west": {"uv": [10, 9, 11, 10], "texture": "#0"},
				"up": {"uv": [10, 9, 12, 10], "texture": "#0"},
				"down": {"uv": [10, 9, 12, 10], "texture": "#0"}
			}
		},
		{
			"from": [3, 7, 8.5],
			"to": [5, 8, 9.5],
			"rotation": {"angle": 0, "axis": "y", "origin": [8, 8, 8]},
			"faces": {
				"north": {"uv": [5, 8, 3, 9], "texture": "#0"},
				"east": {"uv": [4, 8, 5, 9], "texture": "#0"},
				"south": {"uv": [3, 8, 5, 9], "texture": "#0"},
				"west": {"uv": [3, 8, 4, 9], "texture": "#0"},
				"up": {"uv": [3, 8, 5, 9], "texture": "#0"},
				"down": {"uv": [3, 8, 5, 9], "texture": "#0"}
			}
		},
		{
			"from": [11, 7, 8.5],
			"to": [13, 8, 9.5],
			"rotation": {"angle": 0, "axis": "y", "origin": [8, 8, 8]},
			"faces": {
				"north": {"uv": [13, 8, 11, 9], "texture": "#0"},
				"east": {"uv": [12, 8, 13, 9], "texture": "#0"},
				"south": {"uv": [11, 8, 13, 9], "texture": "#0"},
				"west": {"uv": [11, 8, 12, 9], "texture": "#0"},
				"up": {"uv": [11, 8, 13, 9], "texture": "#0"},
				"down": {"uv": [11, 8, 13, 9], "texture": "#0"}
			}
		},
		{
			"from": [12, 8, 8.5],
			"to": [14, 9, 9.5],
			"rotation": {"angle": 0, "axis": "y", "origin": [8, 8, 8]},
			"faces": {
				"north": {"uv": [14, 7, 12, 8], "texture": "#0"},
				"east": {"uv": [13, 7, 14, 8], "texture": "#0"},
				"south": {"uv": [12, 7, 14, 8], "texture": "#0"},
				"west": {"uv": [12, 7, 13, 8], "texture": "#0"},
				"up": {"uv": [12, 7, 14, 8], "texture": "#0"},
				"down": {"uv": [12, 7, 14, 8], "texture": "#0"}
			}
		},
		{
			"from": [2, 8, 8.5],
			"to": [4, 9, 9.5],
			"rotation": {"angle": 0, "axis": "y", "origin": [8, 8, 8]},
			"faces": {
				"north": {"uv": [4, 7, 2, 8], "texture": "#0"},
				"east": {"uv": [3, 7, 4, 8], "texture": "#0"},
				"south": {"uv": [2, 7, 4, 8], "texture": "#0"},
				"west": {"uv": [2, 7, 3, 8], "texture": "#0"},
				"up": {"uv": [2, 7, 4, 8], "texture": "#0"},
				"down": {"uv": [2, 7, 4, 8], "texture": "#0"}
			}
		},
		{
			"from": [2, 9, 8.5],
			"to": [3, 12, 9.5],
			"rotation": {"angle": 0, "axis": "y", "origin": [8, 8, 8]},
			"faces": {
				"north": {"uv": [3, 4, 2, 7], "texture": "#0"},
				"east": {"uv": [2, 4, 3, 7], "texture": "#0"},
				"south": {"uv": [2, 4, 3, 7], "texture": "#0"},
				"west": {"uv": [2, 4, 3, 7], "texture": "#0"},
				"up": {"uv": [2, 4, 3, 5], "texture": "#0"},
				"down": {"uv": [2, 6, 3, 7], "texture": "#0"}
			}
		},
		{
			"from": [13, 9, 8.5],
			"to": [14, 12, 9.5],
			"rotation": {"angle": 0, "axis": "y", "origin": [8, 8, 8]},
			"faces": {
				"north": {"uv": [14, 4, 13, 7], "texture": "#0"},
				"east": {"uv": [13, 4, 14, 7], "texture": "#0"},
				"south": {"uv": [13, 4, 14, 7], "texture": "#0"},
				"west": {"uv": [13, 4, 14, 7], "texture": "#0"},
				"up": {"uv": [13, 4, 14, 5], "texture": "#0"},
				"down": {"uv": [13, 6, 14, 7], "texture": "#0"}
			}
		},
		{
			"from": [7, 6, 8.5],
			"to": [9, 12, 9.5],
			"rotation": {"angle": 0, "axis": "y", "origin": [8, 8, 8]},
			"faces": {
				"north": {"uv": [9, 4, 7, 10], "texture": "#0"},
				"east": {"uv": [8, 4, 9, 10], "texture": "#0"},
				"south": {"uv": [7, 4, 9, 10], "texture": "#0"},
				"west": {"uv": [7, 4, 8, 10], "texture": "#0"},
				"up": {"uv": [7, 4, 9, 5], "texture": "#0"},
				"down": {"uv": [7, 9, 9, 10], "texture": "#0"}
			}
		},
		{
			"from": [2, 12, 8.5],
			"to": [4, 13, 9.5],
			"rotation": {"angle": 0, "axis": "y", "origin": [8, 8, 8]},
			"faces": {
				"north": {"uv": [4, 3, 2, 4], "texture": "#0"},
				"east": {"uv": [3, 3, 4, 4], "texture": "#0"},
				"south": {"uv": [2, 3, 4, 4], "texture": "#0"},
				"west": {"uv": [2, 3, 3, 4], "texture": "#0"},
				"up": {"uv": [2, 3, 4, 4], "texture": "#0"},
				"down": {"uv": [2, 3, 4, 4], "texture": "#0"}
			}
		},
		{
			"from": [6, 12, 8.5],
			"to": [10, 13, 9.5],
			"rotation": {"angle": 0, "axis": "y", "origin": [8, 8, 8]},
			"faces": {
				"north": {"uv": [10, 3, 6, 4], "texture": "#0"},
				"east": {"uv": [9, 3, 10, 4], "texture": "#0"},
				"south": {"uv": [6, 3, 10, 4], "texture": "#0"},
				"west": {"uv": [6, 3, 7, 4], "texture": "#0"},
				"up": {"uv": [6, 3, 10, 4], "texture": "#0"},
				"down": {"uv": [6, 3, 10, 4], "texture": "#0"}
			}
		},
		{
			"from": [12, 12, 8.5],
			"to": [14, 13, 9.5],
			"rotation": {"angle": 0, "axis": "y", "origin": [8, 8, 8]},
			"faces": {
				"north": {"uv": [14, 3, 12, 4], "texture": "#0"},
				"east": {"uv": [13, 3, 14, 4], "texture": "#0"},
				"south": {"uv": [12, 3, 14, 4], "texture": "#0"},
				"west": {"uv": [12, 3, 13, 4], "texture": "#0"},
				"up": {"uv": [12, 3, 14, 4], "texture": "#0"},
				"down": {"uv": [12, 3, 14, 4], "texture": "#0"}
			}
		},
		{
			"from": [9, 13, 8.5],
			"to": [13, 14, 9.5],
			"rotation": {"angle": 0, "axis": "y", "origin": [8, 8, 8]},
			"faces": {
				"north": {"uv": [13, 2, 9, 3], "texture": "#0"},
				"east": {"uv": [12, 2, 13, 3], "texture": "#0"},
				"south": {"uv": [9, 2, 13, 3], "texture": "#0"},
				"west": {"uv": [9, 2, 10, 3], "texture": "#0"},
				"up": {"uv": [9, 2, 13, 3], "texture": "#0"},
				"down": {"uv": [9, 2, 13, 3], "texture": "#0"}
			}
		},
		{
			"from": [3, 13, 8.5],
			"to": [7, 14, 9.5],
			"rotation": {"angle": 0, "axis": "y", "origin": [8, 8, 8]},
			"faces": {
				"north": {"uv": [7, 2, 3, 3], "texture": "#0"},
				"east": {"uv": [6, 2, 7, 3], "texture": "#0"},
				"south": {"uv": [3, 2, 7, 3], "texture": "#0"},
				"west": {"uv": [3, 2, 4, 3], "texture": "#0"},
				"up": {"uv": [3, 2, 7, 3], "texture": "#0"},
				"down": {"uv": [3, 2, 7, 3], "texture": "#0"}
			}
		},
		{
			"from": [10.5, 12.5, 9.5],
			"to": [16.5, 14.5, 11.5],
			"faces": {
				"north": {"uv": [10, 14, 16, 16], "texture": "#0"},
				"east": {"uv": [12, 12, 14, 14], "texture": "#0"},
				"south": {"uv": [10, 14, 16, 16], "texture": "#0"},
				"west": {"uv": [12, 12, 14, 14], "texture": "#0"},
				"up": {"uv": [10, 14, 16, 16], "texture": "#0"},
				"down": {"uv": [10, 14, 16, 16], "texture": "#0"}
			}
		},
		{
			"from": [12.5, 10.5, 9.5],
			"to": [14.5, 12.5, 11.5],
			"faces": {
				"north": {"uv": [12, 12, 14, 14], "texture": "#0"},
				"east": {"uv": [12, 12, 14, 14], "texture": "#0"},
				"south": {"uv": [12, 12, 14, 14], "texture": "#0"},
				"west": {"uv": [12, 12, 14, 14], "texture": "#0"},
				"up": {"uv": [12, 12, 14, 14], "texture": "#0"},
				"down": {"uv": [12, 12, 14, 14], "texture": "#0"}
			}
		},
		{
			"from": [12.5, 14.5, 9.5],
			"to": [14.5, 16.5, 11.5],
			"faces": {
				"north": {"uv": [12, 12, 14, 14], "texture": "#0"},
				"east": {"uv": [12, 12, 14, 14], "texture": "#0"},
				"south": {"uv": [12, 12, 14, 14], "texture": "#0"},
				"west": {"uv": [12, 12, 14, 14], "texture": "#0"},
				"up": {"uv": [12, 12, 14, 14], "texture": "#0"},
				"down": {"uv": [12, 12, 14, 14], "texture": "#0"}
			}
		}
	],
	"display": {
		"thirdperson_righthand": {
			"translation": [0, 1.5, 0],
			"scale": [0.45, 0.45, 0.45]
		},
		"thirdperson_lefthand": {
			"translation": [0, 1.5, 0],
			"scale": [0.45, 0.45, 0.45]
		},
		"firstperson_righthand": {
			"rotation": [0, -10, 0],
			"translation": [0.5, 3, 0.5],
			"scale": [0.45, 0.45, 0.45]
		},
		"firstperson_lefthand": {
			"rotation": [0, -10, 0],
			"translation": [0.5, 3, 0.5],
			"scale": [0.45, 0.45, 0.45]
		},
		"ground": {
			"translation": [0, 2, 0],
			"scale": [0.5, 0.5, 0.5]
		},
		"head": {
			"rotation": [0, 180, 0],
			"scale": [0.5, 0.5, 0.5]
		},
		"fixed": {
			"rotation": [0, 180, 0]
		}
	},
	"groups": [
		{
			"name": "group",
			"origin": [0, 0, 0],
			"color": 0,
			"children": [
				{
					"name": "group",
					"origin": [0, 0, 0],
					"color": 0,
					"children": [0, 1, 2, 3, 4, 5, 6, 7, 8, 9, 10, 11, 12, 13, 14, 15, 16]
				},
				{
					"name": "group",
					"origin": [0, 0, 0],
					"color": 0,
					"children": [17, 18, 19, 20, 21, 22, 23, 24, 25, 26]
				},
				{
					"name": "group",
					"origin": [0, 0, 0],
					"color": 0,
					"children": [27, 28, 29, 30, 31, 32, 33, 34, 35, 36, 37, 38, 39, 40, 41, 42, 43]
				}
			]
		},
		{
			"name": "group",
			"origin": [8, 8, 8],
			"color": 0,
			"children": [44, 45, 46]
		}
	]
}